,Fold,MSE,R2
0,4,4.275040684966002e-08,0.9999999685132789
