,Fold,MSE,R2
0,2,0.0017061783513511132,0.9987397893774451
