,Fold,MSE,R2
0,5,1.3217594652283134e-05,0.9999902618906179
