,Fold,MSE,R2
0,3,0.0005277796591888454,0.999609803493777
