,Fold,MSE,R2
0,1,4.164975170491008e-08,0.9999999693406681
