,Average MSE,Average R2
0,0.00044945200107015924,0.9996679585231574
